[
  {
    "date": "2020-01-22",
    "amount": "20.000",
    "currency": "JOD",
    "id": "TR-47884222202",
    "found in file": "SOURCE"
  },
  {
    "date": "2020-01-22",
    "amount": "30.000",
    "currency": "JOD",
    "id": "TR-47884222202",
    "found in file": "TARGET"
  },
  {
    "date": "2020-02-02",
    "amount": "60.000",
    "currency": "JOD",
    "id": "TR-47884222205",
    "found in file": "SOURCE"
  },
  {
    "date": "2020-02-03",
    "amount": "60.000",
    "currency": "JOD",
    "id": "TR-47884222205",
    "found in file": "TARGET"
  }
]